SET SQL_MODE="NO_AUTO_VALUE_ON_ZERO";


INSERT INTO `ciudad` (`id_ciudad`, `id_estado`, `nombre`) VALUES
(1, 11, 'Abasolo'),
(2, 11, 'Acambaro'),
(3, 11, 'Apaseo el Alto'),
(4, 11, 'Apaseo el Grande'),
(5, 11, 'Atarjea'),
(6, 11, 'Celaya'),
(7, 11, 'Comonfort'),
(8, 11, 'Coroneo'),
(9, 11, 'Cortazar'),
(10, 11, 'Cueramaro'),
(11, 11, 'Doctor Mora'),
(12, 11, 'Dolores Hidalgo'),
(13, 11, 'Guanajuato'),
(14, 11, 'Huanimaro'),
(15, 11, 'Irapuato'),
(16, 11, 'Jaral del Progreso'),
(17, 11, 'Jerecuaro'),
(18, 11, 'Leon'),
(19, 11, 'Manuel Doblado'),
(20, 11, 'Moroleon'),
(21, 11, 'Ocampo'),
(22, 11, 'Penjamo'),
(23, 11, 'Pueblo Nuevo'),
(25, 11, 'Romita'),
(26, 11, 'Salamanca'),
(27, 11, 'Salvatierra'),
(28, 11, 'San Diego de la Union'),
(29, 11, 'San Felipe'),
(30, 11, 'San Francisco del Rincon');

INSERT INTO `clasificacion_cliente` (`id_clasificacion_cliente`, `clave_interna`, `nombre`, `descripcion`, `id_tarifa_compra`, `id_tarifa_venta`) VALUES
(1, 'General', 'General', NULL, 2, 1);



INSERT INTO `rol` (`id_rol`, `nombre`, `descripcion`, `salario`, `id_tarifa_compra`, `id_tarifa_venta`) VALUES
(0, 'Administrador', 'Administrador del sistema', NULL, 0, 0),
(1, 'Socio', 'Socio mayoritario', NULL, 0, 0),
(2, 'Gerente', 'Gerentes de sucursales', NULL, 0, 0),
(3, 'Asistente', 'Asistentes de', NULL, 0, 0),
(5, 'Cliente', 'Clientes', NULL, 0, 0);



INSERT INTO `tipo_almacen` (`id_tipo_almacen`, `descripcion`) VALUES
(2, 'CONSIGNACION'),
(3, 'GENERAL');

INSERT INTO `tarifa` (`id_tarifa`, `nombre`, `tipo_tarifa`, `activa`, `id_moneda`, `default`, `id_version_default`, `id_version_activa`) VALUES
(1, 'none', 'venta', 1, 1, 1, NULL, 1);




INSERT INTO `usuario` (`id_usuario`, `id_direccion`, `id_direccion_alterna`, `id_sucursal`, `id_rol`, `id_clasificacion_cliente`, `id_clasificacion_proveedor`, `id_moneda`, `fecha_asignacion_rol`, `nombre`, `rfc`, `curp`, `comision_ventas`, `telefono_personal1`, `telefono_personal2`, `fecha_alta`, `fecha_baja`, `activo`, `limite_credito`, `descuento`, `password`, `last_login`, `consignatario`, `salario`, `correo_electronico`, `pagina_web`, `saldo_del_ejercicio`, `ventas_a_credito`, `representante_legal`, `facturar_a_terceros`, `dia_de_pago`, `mensajeria`, `intereses_moratorios`, `denominacion_comercial`, `dias_de_credito`, `cuenta_de_mensajeria`, `dia_de_revision`, `codigo_usuario`, `dias_de_embarque`, `tiempo_entrega`, `cuenta_bancaria`, `id_tarifa_compra`, `tarifa_compra_obtenida`, `id_tarifa_venta`, `tarifa_venta_obtenida`) VALUES
(1, NULL, NULL, NULL, 0, NULL, NULL, NULL, '2011-10-24 18:28:24', 'Administrador', NULL, NULL, NULL, NULL, NULL, '2011-10-24 18:28:34', NULL, 1, 0, NULL, '202cb962ac59075b964b07152d234b70', NULL, 0, NULL, NULL, NULL, 0, NULL, NULL, NULL, NULL, NULL, NULL, NULL, NULL, NULL, NULL, '', NULL, NULL, NULL, 0, 'rol', 0, 'rol');


INSERT INTO `version` (`id_version`, `id_tarifa`, `nombre`, `activa`, `fecha_inicio`, `fecha_fin`, `default`) VALUES
(1, 1, 'none', 1, NULL, NULL, 1);

INSERT INTO `moneda` (`id_moneda`, `nombre`, `simbolo`, `activa`) VALUES
(1, 'Mexican Peso', 'MXN', 1),
(2, 'United Arab Emirates Dirham', 'AED', 0),
(3, 'Netherlands Antillean Guilder', 'ANG', 0),
(4, 'Argentine Peso', 'ARS', 0),
(5, 'Australian Dollar', 'AUD', 0),
(6, 'Bangladeshi Taka', 'BDT', 0),
(7, 'Bulgarian Lev', 'BGN', 0),
(8, 'Bahraini Dinar', 'BHD', 0),
(9, 'Brunei Dollar', 'BND', 0),
(10, 'Bolivian Boliviano', 'BOB', 0),
(11, 'Brazilian Real', 'BRL', 0),
(12, 'Botswanan Pula', 'BWP', 0),
(13, 'Canadian Dollar', 'CAD', 0),
(14, 'Swiss Franc', 'CHF', 0),
(15, 'Chilean Peso', 'CLP', 0),
(16, 'Chinese Yuan ¥', 'CNY', 0),
(17, 'Colombian Peso', 'COP', 0),
(18, 'Costa Rican Colón', 'CRC', 0),
(19, 'Czech Republic Koruna', 'CZK', 0),
(20, 'Danish Krone', 'DKK', 0),
(21, 'Dominican Peso', 'DOP', 0),
(22, 'Algerian Dinar', 'DZD', 0),
(23, 'Estonian Kroon', 'EEK', 0),
(24, 'Egyptian Pound', 'EGP', 0),
(25, 'Euro €', 'EUR', 0),
(26, 'Fijian Dollar', 'FJD', 0),
(27, 'British Pound Sterling £', 'GBP', 0),
(28, 'Hong Kong Dollar', 'HKD', 0),
(29, 'Honduran Lempira', 'HNL', 0),
(30, 'Croatian Kuna', 'HRK', 0),
(31, 'Hungarian Forint', 'HUF', 0),
(32, 'Indonesian Rupiah', 'IDR', 0),
(33, 'Israeli New Sheqel ₪', 'ILS', 0),
(34, 'Indian Rupee', 'INR.', 0),
(35, 'Jamaican Dollar', 'JMD', 0),
(36, 'Jordanian Dinar', 'JOD', 0),
(37, 'Japanese Yen ¥', 'JPY', 0),
(38, 'Kenyan Shilling', 'KES', 0),
(39, 'South Korean Won ₩', 'KRW', 0),
(40, 'Kuwaiti Dinar', 'KWD', 0),
(41, 'Cayman Islands Dollar', 'KYD', 0),
(42, 'Kazakhstani Tenge', 'KZT', 0),
(43, 'Lebanese Pound', 'LBP', 0),
(44, 'Sri Lankan Rupee', 'LKR', 0),
(45, 'Lithuanian Litas', 'LTL', 0),
(46, 'Latvian Lats', 'LVL', 0),
(47, 'Moroccan Dirham', 'MAD', 0),
(48, 'Moldovan Leu', 'MDL', 0),
(49, 'Macedonian Denar', 'MKD', 0),
(50, 'Mauritian Rupee', 'MUR', 0),
(51, 'Maldivian Rufiyaa', 'MVR', 0),
(52, 'Malaysian Ringgit', 'MYR', 0),
(53, 'Namibian Dollar', 'NAD', 0),
(54, 'Nigerian Naira', 'NGN', 0),
(55, 'Nicaraguan Córdoba', 'NIO', 0),
(56, 'Norwegian Krone', 'NOK', 0),
(57, 'Nepalese Rupee', 'NPR', 0),
(58, 'New Zealand Dollar', 'NZD', 0),
(59, 'Omani Rial', 'OMR', 0),
(60, 'Peruvian Nuevo Sol', 'PEN', 0),
(61, 'Papua New Guinean Kina', 'PGK', 0),
(62, 'Philippine Peso', 'PHP', 0),
(63, 'Pakistani Rupee', 'PKR', 0),
(64, 'Polish Zloty', 'PLN', 0),
(65, 'Paraguayan Guarani', 'PYG', 0),
(66, 'Qatari Rial', 'QAR', 0),
(67, 'Romanian Leu', 'RON', 0),
(68, 'Serbian Dinar', 'RSD', 0),
(69, 'Russian Ruble', 'RUB', 0),
(70, 'Saudi Riyal', 'SAR', 0),
(71, 'Seychellois Rupee', 'SCR', 0),
(72, 'Swedish Krona', 'SEK', 0),
(73, 'Singapore Dollar', 'SGD', 0),
(74, 'Slovak Koruna', 'SKK', 0),
(75, 'Sierra Leonean Leone', 'SLL', 0),
(76, 'Salvadoran Colón', 'SVC', 0),
(77, 'Thai Baht ฿', 'THB', 0),
(78, 'Tunisian Dinar', 'TND', 0),
(79, 'Turkish Lira', 'TRY', 0),
(80, 'Trinidad and Tobago Dollar', 'TTD', 0),
(81, 'New Taiwan Dollar', 'NTD', 0),
(82, 'Tanzanian Shilling', 'TZS', 0),
(83, 'Ukrainian Hryvnia', 'UAH', 0),
(84, 'Ugandan Shilling', 'UGX', 0),
(85, 'US Dollar', 'USD', 0),
(86, 'Uruguayan Peso', 'UYU', 0),
(87, 'Uzbekistan Som', 'UZS', 0),
(88, 'Venezuelan Bolívar', 'VEF', 0),
(89, 'Vietnamese Dong ₫', 'VND', 0),
(90, 'CFA Franc BCEAO', 'CFA', 0),
(91, 'Yemeni Rial', 'YER', 0),
(92, 'South African Rand', 'ZAR', 0),
(93, 'Zambian Kwacha', 'ZMK', 0);


INSERT INTO `categoria_unidad_medida` (`id_categoria_unidad_medida`, `descripcion`, `activa`) VALUES
(1, 'Longitud', 1),
(2, 'Masa', 1),
(3, 'Tiempo', 1),
(4, 'Unidad', 1);

INSERT INTO `unidad_medida` (`id_unidad_medida`, `id_categoria_unidad_medida`, `descripcion`, `abreviacion`, `tipo_unidad_medida`, `factor_conversion`, `activa`) VALUES
(1, 1, 'METRO', 'M', '', 1, 1),
(2, 1, 'CENTIMETRO', 'CM', '', 0.01, 1),
(3, 1, 'MILIMETRO', 'MM', '', 0.001, 1),
(4, 2, 'KILOGRAMO', 'KG', '', 1, 1),
(5, 2, 'GRAMO', 'G', '', 0.001, 1),
(6, 4, 'UNIDAD', 'U', '', 1, 1),
(7, 4, 'MILLAR', 'MIL', '', 0.001, 1);

INSERT INTO `documento_base` (`id_documento_base`, `id_empresa`, `id_sucursal`, `nombre`, `activo`, `json_impresion`, `ultima_modificacion`) VALUES
(1, NULL, NULL, 'Inventario Fisico', 1, '', 1344036739),
(3, NULL, NULL, 'Cotización', 1, '', 1344037703),
(4, NULL, NULL, 'Factura', 1, '', 1344037703),
(5, NULL, NULL, 'Devolución sobre Venta', 1, '', 1344037703),
(6, NULL, NULL, 'Pago del Cliente', 1, '', 1344037703),
(7, NULL, NULL, 'Compra', 1, '', 1344037703),
(8, NULL, NULL, 'Abono del Cliente', 1, '', 1344037703),
(9, NULL, NULL, 'Entrada Almacén', 1, '', 1344037703),
(10, NULL, NULL, 'Salida Almacén', 1, '', 1344037703),
(11, NULL, NULL, 'Nota de Venta', 1, '', 1344037703),
(12, NULL, NULL, 'Devolución sobre Compra', 1, '', 1344037703);

--
-- Volcado de datos para la tabla `configuracion`
--

INSERT INTO `configuracion` (`id_configuracion`, `descripcion`, `valor`, `id_usuario`, `fecha`) VALUES
(1, 'decimales', '{"cantidades" : 2, "cambio" : 4, "costos" : 2, "ventas" : 2}', 1, 1354911045);

--
-- Volcado de datos para la tabla `logo`
--

INSERT INTO `logo` (`id_logo`, `imagen`, `tipo`) VALUES
(-1, 'data%3Aimage%2Fpng%3Bbase64%2CiVBORw0KGgoAAAANSUhEUgAAAMgAAAC6CAYAAADrsgJUAAAKT2lDQ1BQaG90b3Nob3AgSUNDIHByb2ZpbGUAAHjanVNnVFPpFj333vRCS4iAlEtvUhUIIFJCi4AUkSYqIQkQSoghodkVUcERRUUEG8igiAOOjoCMFVEsDIoK2AfkIaKOg6OIisr74Xuja9a89%2BbN%2FrXXPues852zzwfACAyWSDNRNYAMqUIeEeCDx8TG4eQuQIEKJHAAEAizZCFz%2FSMBAPh%2BPDwrIsAHvgABeNMLCADATZvAMByH%2Fw%2FqQplcAYCEAcB0kThLCIAUAEB6jkKmAEBGAYCdmCZTAKAEAGDLY2LjAFAtAGAnf%2BbTAICd%2BJl7AQBblCEVAaCRACATZYhEAGg7AKzPVopFAFgwABRmS8Q5ANgtADBJV2ZIALC3AMDOEAuyAAgMADBRiIUpAAR7AGDIIyN4AISZABRG8lc88SuuEOcqAAB4mbI8uSQ5RYFbCC1xB1dXLh4ozkkXKxQ2YQJhmkAuwnmZGTKBNA%2Fg88wAAKCRFRHgg%2FP9eM4Ors7ONo62Dl8t6r8G%2FyJiYuP%2B5c%2BrcEAAAOF0ftH%2BLC%2BzGoA7BoBt%2FqIl7gRoXgugdfeLZrIPQLUAoOnaV%2FNw%2BH48PEWhkLnZ2eXk5NhKxEJbYcpXff5nwl%2FAV%2F1s%2BX48%2FPf14L7iJIEyXYFHBPjgwsz0TKUcz5IJhGLc5o9H%2FLcL%2F%2Fwd0yLESWK5WCoU41EScY5EmozzMqUiiUKSKcUl0v9k4t8s%2BwM%2B3zUAsGo%2BAXuRLahdYwP2SycQWHTA4vcAAPK7b8HUKAgDgGiD4c93%2F%2B8%2F%2FUegJQCAZkmScQAAXkQkLlTKsz%2FHCAAARKCBKrBBG%2FTBGCzABhzBBdzBC%2FxgNoRCJMTCQhBCCmSAHHJgKayCQiiGzbAdKmAv1EAdNMBRaIaTcA4uwlW4Dj1wD%2FphCJ7BKLyBCQRByAgTYSHaiAFiilgjjggXmYX4IcFIBBKLJCDJiBRRIkuRNUgxUopUIFVIHfI9cgI5h1xGupE7yAAygvyGvEcxlIGyUT3UDLVDuag3GoRGogvQZHQxmo8WoJvQcrQaPYw2oefQq2gP2o8%2BQ8cwwOgYBzPEbDAuxsNCsTgsCZNjy7EirAyrxhqwVqwDu4n1Y8%2BxdwQSgUXACTYEd0IgYR5BSFhMWE7YSKggHCQ0EdoJNwkDhFHCJyKTqEu0JroR%2BcQYYjIxh1hILCPWEo8TLxB7iEPENyQSiUMyJ7mQAkmxpFTSEtJG0m5SI%2BksqZs0SBojk8naZGuyBzmULCAryIXkneTD5DPkG%2BQh8lsKnWJAcaT4U%2BIoUspqShnlEOU05QZlmDJBVaOaUt2ooVQRNY9aQq2htlKvUYeoEzR1mjnNgxZJS6WtopXTGmgXaPdpr%2Bh0uhHdlR5Ol9BX0svpR%2BiX6AP0dwwNhhWDx4hnKBmbGAcYZxl3GK%2BYTKYZ04sZx1QwNzHrmOeZD5lvVVgqtip8FZHKCpVKlSaVGyovVKmqpqreqgtV81XLVI%2BpXlN9rkZVM1PjqQnUlqtVqp1Q61MbU2epO6iHqmeob1Q%2FpH5Z%2FYkGWcNMw09DpFGgsV%2FjvMYgC2MZs3gsIWsNq4Z1gTXEJrHN2Xx2KruY%2FR27iz2qqaE5QzNKM1ezUvOUZj8H45hx%2BJx0TgnnKKeX836K3hTvKeIpG6Y0TLkxZVxrqpaXllirSKtRq0frvTau7aedpr1Fu1n7gQ5Bx0onXCdHZ4%2FOBZ3nU9lT3acKpxZNPTr1ri6qa6UbobtEd79up%2B6Ynr5egJ5Mb6feeb3n%2Bhx9L%2F1U%2FW36p%2FVHDFgGswwkBtsMzhg8xTVxbzwdL8fb8VFDXcNAQ6VhlWGX4YSRudE8o9VGjUYPjGnGXOMk423GbcajJgYmISZLTepN7ppSTbmmKaY7TDtMx83MzaLN1pk1mz0x1zLnm%2Beb15vft2BaeFostqi2uGVJsuRaplnutrxuhVo5WaVYVVpds0atna0l1rutu6cRp7lOk06rntZnw7Dxtsm2qbcZsOXYBtuutm22fWFnYhdnt8Wuw%2B6TvZN9un2N%2FT0HDYfZDqsdWh1%2Bc7RyFDpWOt6azpzuP33F9JbpL2dYzxDP2DPjthPLKcRpnVOb00dnF2e5c4PziIuJS4LLLpc%2BLpsbxt3IveRKdPVxXeF60vWdm7Obwu2o26%2FuNu5p7ofcn8w0nymeWTNz0MPIQ%2BBR5dE%2FC5%2BVMGvfrH5PQ0%2BBZ7XnIy9jL5FXrdewt6V3qvdh7xc%2B9j5yn%2BM%2B4zw33jLeWV%2FMN8C3yLfLT8Nvnl%2BF30N%2FI%2F9k%2F3r%2F0QCngCUBZwOJgUGBWwL7%2BHp8Ib%2BOPzrbZfay2e1BjKC5QRVBj4KtguXBrSFoyOyQrSH355jOkc5pDoVQfujW0Adh5mGLw34MJ4WHhVeGP45wiFga0TGXNXfR3ENz30T6RJZE3ptnMU85ry1KNSo%2Bqi5qPNo3ujS6P8YuZlnM1VidWElsSxw5LiquNm5svt%2F87fOH4p3iC%2BN7F5gvyF1weaHOwvSFpxapLhIsOpZATIhOOJTwQRAqqBaMJfITdyWOCnnCHcJnIi%2FRNtGI2ENcKh5O8kgqTXqS7JG8NXkkxTOlLOW5hCepkLxMDUzdmzqeFpp2IG0yPTq9MYOSkZBxQqohTZO2Z%2Bpn5mZ2y6xlhbL%2BxW6Lty8elQfJa7OQrAVZLQq2QqboVFoo1yoHsmdlV2a%2FzYnKOZarnivN7cyzytuQN5zvn%2F%2FtEsIS4ZK2pYZLVy0dWOa9rGo5sjxxedsK4xUFK4ZWBqw8uIq2Km3VT6vtV5eufr0mek1rgV7ByoLBtQFr6wtVCuWFfevc1%2B1dT1gvWd%2B1YfqGnRs%2BFYmKrhTbF5cVf9go3HjlG4dvyr%2BZ3JS0qavEuWTPZtJm6ebeLZ5bDpaql%2BaXDm4N2dq0Dd9WtO319kXbL5fNKNu7g7ZDuaO%2FPLi8ZafJzs07P1SkVPRU%2BlQ27tLdtWHX%2BG7R7ht7vPY07NXbW7z3%2FT7JvttVAVVN1WbVZftJ%2B7P3P66Jqun4lvttXa1ObXHtxwPSA%2F0HIw6217nU1R3SPVRSj9Yr60cOxx%2B%2B%2Fp3vdy0NNg1VjZzG4iNwRHnk6fcJ3%2FceDTradox7rOEH0x92HWcdL2pCmvKaRptTmvtbYlu6T8w%2B0dbq3nr8R9sfD5w0PFl5SvNUyWna6YLTk2fyz4ydlZ19fi753GDborZ752PO32oPb%2B%2B6EHTh0kX%2Fi%2Bc7vDvOXPK4dPKy2%2BUTV7hXmq86X23qdOo8%2FpPTT8e7nLuarrlca7nuer21e2b36RueN87d9L158Rb%2F1tWeOT3dvfN6b%2FfF9%2FXfFt1%2Bcif9zsu72Xcn7q28T7xf9EDtQdlD3YfVP1v%2B3Njv3H9qwHeg89HcR%2FcGhYPP%2FpH1jw9DBY%2BZj8uGDYbrnjg%2BOTniP3L96fynQ89kzyaeF%2F6i%2FsuuFxYvfvjV69fO0ZjRoZfyl5O%2FbXyl%2FerA6xmv28bCxh6%2ByXgzMV70VvvtwXfcdx3vo98PT%2BR8IH8o%2F2j5sfVT0Kf7kxmTk%2F8EA5jz%2FGMzLdsAAAAGYktHRAD%2FAP8A%2F6C9p5MAAAAJcEhZcwAACxMAAAsTAQCanBgAAAAHdElNRQfdBBUXMhFummVKAAAgAElEQVR42u1dd3gUxRt%2Bd69fLj2kQEjoBKUIAlawV7BRFBT5WQClKAgIiCggiAqidFTAhiJNUKnSQXovUlIgIb3n7nL9bnd%2Ff%2BxsshyXEDAJSZj3ee4J5O42uzPzfnXm%2BwAKCgoKCgoKCgoKCgoKCgoKCgoKCgoKCgoKCgoKCgoKCgoKCgoKCgoKCgoKCgoKCooqAwOABaCQfrHnn90tDh7aH0d%2BD61Wy9JhorhVyaECoNm5c8f9JpNxBcd5BAk8zwl2u%2FXv8%2BfP3g2ACQ0NYeiQUdwqYAFoAASdPHFiiEgInheuBi8IgmA2mxYDUDEMQ7UJxS2hOTQAwg4dOjhSTo7cvNzMOXPn%2FDBw0MBp%2F%2Fzzz1ZB4Eveu5x6eRgAtWR6UVDUZbMqBECsx%2BO28zzP8wIvDBw4YC6Ad2WvYdHR0e%2BZzMZ8SZ18Ou2T5uT7FBR11rQyAGi0e8%2BuWdLCX7Tou98BDAbwPwB9AbwCYCCAd4KDQ4a7XC6nIAhCTk72AgB%2BVItcWwpR1E4oAQQBaGAym%2F4O8A%2BIcLldbo1a8z8AVgCFAJwQo1rBAEIBBJw4cfz1O%2B5o39FqtZwzGPzvAuAA4KHDWbYUoqi9BNEBCNCo1QEAkJJ86QIAI4BUAMkAUgBcJj%2BzAVjXrl17BADUak008UOUVFCWP8gUtVPzs2SB63iBBwBotDoeQC6APAAFRDOwANzEmfcLCg5UA4DVaskgJpaTDifVIHV17hQAlPHx8WcAIDYmph0hhZ2QwkN%2BOgDYALheerHPQwBgNhdnEYJR7UEJUichAOAB8K%2F2679KUiw5OdmfA3CRhc%2FItA3z6bRPW0dF1W8EANu2bd1B3hPoUFLURegAxAJ4CMAbFy6cPydFsjIzMxbOmze3CSGAFkCDv9b9OZbnOV4QBCEvLzcVQEfyfS3VIhR1EWoAEWSh9zEYDCOMJqNRnjp3uZw5hYWFf8i3ndjtNmunTp1eYxjmTvJ9mguhqJNQAAgE0ALA4wDeBDD01KmTJ8vabpKRmX5Zr9e%2FBuARAM0ABFAz%2B9rREIraO3dqiLmQKAAxAOoD0FusxVP99Aad%2FMN5eXlZ4eHhHwLIAZAOMexrAo1ilQsa5q3dTrobQDGZRxXxJ7QCL1wl%2BBiG4QAUEYLkA7CQ71NQgtRZ8BAjViaIeQ4DMbuuIohCoeAIMfJkmoOnQ1g%2BqP1Z%2B%2BGBmOcoJi8bmKtDtyzL8kSDmMnnOTp0lCC3CjiiSZxl%2BRSEIC5iVlFyUILcsn6JgLKDLzxoYpAShOJquD1uumOXEoSiTBuMowShBKGgoAShoKAEoaCgBKGoVtDoFSUIBQUlCAUFJQgFBSUIBQUlCAUFJQgFBSUIBQUlCAUFBSUIBQUlCEUJNGqdho4CJQhFWRPNsnSuKUEoKChBKG4AgkD3KlKCUFBQglCUA6mau%2BBDgwhen6GgBLlloGAYRgWAHzlyZFuNRntVQWqDwRCbkpL8EcTKJpQkFLeMxlAC8Bs85O07k5KS%2FiyrcLX0Ow%2FncaVcTn4JYvFrShSKOksMBQBtk6ZNwjZt2tjbByd8QiKK0%2BVMPHz4cAdiRVCSUNQpH0MFwP%2FNAW%2FEOZ2OHL6i7PAiCekXsr9z504BqBnNPFlyH2qItYall5JhGMUNkllqVaciL6VCoVBQoVA3oVSpVHoAity83N84jnOVY1L5JIQvonAcZy0yFs0GoI6NjbkZRGHJ4tWuWrWqvd1uPcxxnnye5108z1s5jsuz221b1qxZEy0zDa95TX9%2Ffw0AXE5NGWx32o5xHJfFcVy2y%2BU8XVBYMBoAWJZV0GVVB4IpGo1GA0B34OD%2B%2Fi6Xs%2FBavobL5eSGDRu2Py4ubuPhw4dyKkIUj8edn5mZ8XY1B3BYiG0bdBkZ6bPKukXxPjkhKyvzbZk2LUvLqvz8%2FPxHjx51m8vlzChLk3Kcx5SWnvYSNTNrsUmlUqlUAHSNGzeKNhqL9sgXTFlYv2HdOT8%2Fv28AfAVgNoCFvXr32pqenl5cEaK4XM6EkydP3AeAjYiIYKuBHGEnT52YWLpwOe70mVMnlixZ8suyZctWJCUlnpHdpJB0MbEPfHfolczPoM8%2Bm3Yfx3Fu6ZmMxqK8I0cO7923f9%2F2jIyMBOl5eZ4Xzp7990nU8n7xjEaj8WY5o9Fo6irrS5zwwMCAsPj4CxNKhKiPtS39Mic3x9yt29PLAHwEYBiAAQDeBjAGwHQA306dOuWow%2BHwlEcUCSZT0ZIFCxdEAWDVajVTBc%2BoBhAKIE66FavVagkLCxsN4B0A7wIYDmDYAw90He9yuRyipvO4ITYx9V7USoht5Ro7nY5c8ozc1q1btgMYBGAoeQ145ZVXJrrdbqcgCALHc8LkSZMaohb2y5FaGKsBaDMy0we63K5TNpv19zNnTt8HQKPRaJR1LFwpPW%2Fg6NHvt3W5XeaKONvTZ0zfA2AKIUYvAA8CuAvAfQCeBvA6gA8AfA1gyT9792TIDJgyNQrPc0J2TtZoIukrU8qyAPwBNE1PT90l%2BU3h4RHvk8XcD0BfAP0BDAYw4r33RsyR7i0pKXEcIQkrWyt6ANEffTShr%2FS5LVv%2B3kG%2B%2Fwa5Zn9y%2FWGNGjUaIY1hYlLiGAB%2BqGW5QUkFB6Snp833dkJ5nrc4XY7TCYnnekifNxgMbC3WGkoySeFFxoId0uSV52vEx1%2FIbdiw4VyiJfoBeBhAGwANIXaxrQ%2Bx0efdAJ4jGmUigHnNmzdfnZ2dZbuGNpEc%2BaKiosKpAJTBwcGVEQVSAwgHcKfNbisQBEE4eerkMfIMTwO4F0AnAF3IfQ8A8I7RWFQgajfjbgDBRNNK2iMEQKu8vLzzEu%2BJYOhJxuVeAF0BPAPgNQDD8vPzswRBEIqMRf%2BQsVd6L8CavGDUSqUyYOOmDX0bNIgeItsuAYZhAECvVmnaNG%2FW6neO41wOh317UlLCIDL4qEXOF6tSqTQAmJMnj7%2FucrvOBQWGPCR71quewWw2Ofv06fN7y5Zxs9PS0s4AOAcgHkAygAyI7dYKARQAyAJwGUAC%2Bdx5AAmJiYkJkZFRP40YMWKf1WbhgCu2pMjnASzLBgYFBX%2FodrvOnTh5rAcAITg4%2BL%2BsHyUAPcMwAQwYFQCkpaYmQuyhmExelwGkkJ%2B5AFz5%2BfmFAKBUKqPINSSCKIhGCfT392sEAGfOnD4CseXcZXK9FPJKJX%2FH9suvv2wFAIOfoYPsekxNJ4jkbPl5PJ7ghx96%2BFNBEATvhSL%2FP8uyKo1G%2B2BERNRCnuecVmvxX9nZWa%2Fv3ftPc%2B%2FJrknEYFlWBUCzaPF3HYqLzfvbtWs%2FV6lQhng%2Fn3zhrl275nREROTcFStW%2FAMgkSz4JDLxeShts%2BaG2HHKSsiSRRbKBRlRLs2ePfuAvyHg5yVLFp8DxAagZRFFoVA2i41pvNJut%2B%2FZuGlDW4h27o3kJlQA9FqtNpBlWSUABAQEeBiGySPPUEhe0v%2FzAVhVKhUDAG63xwUxRyIJQSXDMDoAeoHcq7%2FBX0WIIL2ka0mNTM0sK%2FZpJI%2BrlRGuRkNB7NMmhUUF8cKNocRkcDgd59Mz0vtv3balseSv%2BPv7MzdZACgAaG%2B77bbIhIT4qdeITvGCIAhpaamFjRs3%2FgbAOGIiPA6gHYBoiO2gNdcQekoiZUMBNAbQEUA3iD3WJwCYHRgYuOzff8%2FkXSuHIt4TL5jNxsVz584JB8DqdDqmgs%2BtYxgmetasWYOky%2FM8zxcUFJwFEAuxGSkjWwshAO4A0NNut1sFQRCSLiZuAtCUmEVqAKGdOnW6%2F9Spk1uk63E8JwC4jXxfISNnAIBWALoVFIgmVlZ21hEAjbz%2Bdo31O%2FQAotes%2BX38tZzT680iu91OU1Z25vC2bdv4t23XVoPq3ZMkBR00fn76oB9%2F%2FOEhj0eMpJS7f8rj5saP%2F2ALgE8ADAHwPHHAm5LFrrsOB7pEOxMfpQVx5HuQCM8UAAubNWu2xmQ2OSsyphznES5eTOpFCFqWfyJFrQwDBgxoaTIZj%2Fm61p5%2F9owgC5iVkToMQIedO3eslD73zrvDBgJoBiAkNDQ0bNmyX1%2FkfQiZy6mXfybCQyEb%2FwAAt911110vS2O8ceOGWWDQsqYThAGgVigU4Y888nAXnuc5X4O4evXK5MFD3j5kMhtd10MUL2JxHo8711xs%2Bt5LczFV%2BGwqlmUNnTt1bmgyGffIpWdZ97xh4%2Frzer1%2BJoBRAF4m0anbAEQRLau6wXuWomUBABoAaA3gIRI5Ggngc7VavWTEiOH7%2BdIQc1kk5nmeF9xuV%2FrOndvvIPfEegUfdAD8M7MyFvM85y7ruTmec1%2BIPztKilySBRt7%2FPixpdJ9JCYmHCPOdqshQ4Z2stttF31pYJLn4HNysr8j96RRKBR%2BAMJmzpzZ3%2BPxuKXPtmrV6hkATYhwrrEEUbIsGwygmdVmyfG1YMzFZheAbwEsALCwefNmK19%2F4%2FU9J0%2BeyLtRrUImN8Fqtfy4afO6OJmLw1aWOaXVanUA9Ckpl77weDy2a2kNk6nI8eyzzywD8CExgZ4G0IGYIMEye5n5r%2FdGrhVMrt0ewBPEhBsHYGZoaOgv8%2BbNO1PRsbTZrOs%2B%2F%2BzzSAAqpVKpA6Bbv35dd4fTcbmi8%2BN0OZNtNts%2Bq9VyxOVyGaXf5%2BXlZRn8Da8DeCAlJfkPnuf4iiQ%2F3W5XpslUtLagMH%2B11Wq9wAt8yXsffjj%2BExLla0C0IFNTTSsDgPonThxf7MuU8ng8nMHP8DmRpu%2BSnxMBfAlgflhYvWXjP%2Fzg4IkTx3PlyqcifJH%2FLbfbnWk0GacfP3HkbkkSxsbG3ghZGJVKpQagXb7itwetVuvZay0Qt9vNLV686CCASSRZ1ouEJ5uTsKi%2BCrK%2BkpTXA6hHTJe7ADxLcgYfA5jT7o52a0%2BcPJFbsf1dHiEjI33qxEkTO%2BXl5f5e3rjzRDVs3779RFJSYlJZn92%2Ff99hAIO%2B%2BOKLWVartbAsv63UNPVwRqPR7ONzkunqmTbt07lE%2BNxOhISypppWWgBRa9b8PrKsB%2F7p5x%2F%2FJpLtKWJqPAbgBfK74WQiZwCYB2BJ%2F%2F79dv377795Fovlhk0xzuPhzGbTogMH9refMWN6kOx%2BmQosON0rr%2FRtlJqaOqciiyrpYlJe%2Ffr155OcRn8Aj5KcRgNiCqmrOPIomV3%2BACIBxJE8RC9C1qkA5vfp89L2goJ8%2B41oa1%2FIzcku7tK1y6%2FE%2F3mvV69eU%2Ffs2bP1%2FIVzp89dOPvvur%2F%2B2qLX68e1bNli8pEjR46W%2FXdLf3Xu3NlslUo1B8DHv69ZvSUrKzPdZDIWmkzGwry8vOxt27buIDmXnkQYNCACgkUNC3tKiykQQIjL5TytVKrU3iHd06dPxrdr134aiWPnkNClFPs2kAUUQK4jvQzkpX3wwQcaLFq85K7YmBh%2FpVLJ%2BsotlAPSe1yAxWJZvXHTpnG7du3MWbjgGzvEE3pXhTCDg4N1U6ZMaT148OBdZZXckULXHo%2BHe6nPS3%2Bs%2BX3NGQDZJBybTUKRJgA2Eq7lqzGKqCRCy59I1nDi90SQV9AH4z%2B445PJn9ypVCqvi7Sy5%2BYXLfruyJAhQ3eQ0LSVhKYF2X2oFAqF%2Bq233moxf%2F78Ade6pt1uc91zz70rTp06lUGu5wTgAcCRF8g4ukgYOZu8Csg4e2oaQRQkohJWVFSwPigopJX3gztdTr5pk6ZjMjMzT5M4fj55cIlcGkIUPxkpvMkSAMCg1%2Bv927VrFzp9%2Bhft77%2B%2FS5R8cK9jggHA4XTajyUkxn%2FYrm2HPRCPvSoFQVDFxMYEnD9%2FbodOq29R1mWlv7lmze9n3njjzS0mkykDQCYhRx6AIgAW2QQLN0FwSRpFJwkwQpRI8qoXEBBQ7%2Buvv%2Br4xhtvxgkCBIYpf01Jz33i5ImMrl26rrJYLFlE4BUCsJO%2FqyHk1HXo0CFq%2B45t44MCgwOlsfceU%2BmaixZ9d3jw4CE7OY7LJQveSsigQOnmRp7kiMyyRKqRkMPtaxButt%2BhBRCyZ8%2FuEV26dB3la7G%2B8eYbc3%2F4%2FoftJCmWDaBYxnRpIpVSpIJcU08II9csQbL%2F6%2F0D%2FIPa39E%2BdODAgc1efrlvi%2Bs5GiC%2FT57n7U6X4%2BTZs%2F8urhcW3rZhw5hhLMsqfD2L9Lv09DRTjx491xw5ckTKHmfKJFkxWSzuatQa19LwajKmQSS0HEFIEg4gtFmzZvUnTprYrt8r%2FVqU99wOp4Pv81KfVX%2F%2B%2Bec58ryZJEtuIlJdKYVaT58%2BNeO2225%2FgBxwKnMOLl5Myu%2FRo%2Bcfp0%2BflsYyW0Y4gawLyTyVCGIlAshK%2Fs%2BhhvVxlCRF%2BIsvvvhoWfmNP%2F%2F8YzeAF0lSK%2FIaUQZWplEMZCIbEAe3PQkNdgfwCsknfABgGsQt4d%2B88MILf%2F%2Fy6y%2Fxubm5thv1Wa4VnSoqKrJPmTplB4DJDMMMJfmHe4hjHFZFTnhV%2BCetANxPbPihACYDmPvwIw9vSEhIKPI1Dr%2F9tuw4Ge%2FhAHoT%2F6YluV6QUqkMBhC%2B9o81A50up%2BlaY%2Bl0OjxffPH5TgAfMwwzmAQVpPxQOCFzkJfmCycmo%2BEaeZubrkFUCoXCEBEREZ2cfPGQWq3VeX8gKyszLyYmdoLH47kAcT9NvoztFZlQ%2BXFLb83iT15XmWEANI8%2F%2FljssGHDWt59990R9eqF631pjuvF0aNHLr%2FwQo916enpl4kplUWkZyHRGpI5xaPmQiHLaxjIAgwjiy9CWoCjRo1q%2B%2F6Y99uFhYb5JSUl5vTr12%2Fj0aPHEmTaUjKrLJLf8b%2F%2B%2FaO%2B%2FGrm12GhYd2vdRMHDx5Meeyxx9ZaLBa5aZrjZZpyXkEVqSSSQMZYqIgUvxmaQ8qWB6Wlpf4cHd3wAe97cbvdHrVaPQriBrtLMsfc8x%2Fi%2FQqZhtHKJtngwwyTnHxds2ZNw8aMHRPXt0%2Ffpnq9n4plWaYiZJHeL7YUO4cPf3fjD9%2F%2FeEJGDMmcMsnMKQ61A1ccQyDjFUxCxBJRgsk4e8i85ckCEFLwwQGAiYuL06%2F%2BfVX%2F21rdPp0BI6AcP8Zqtbqef%2F751du2bTtPrpdB1ob3WPKopWAB6FiWbbBp08YPy1KjCxbOX0vUd1siodSVNLFym9qPTGQUyaK2JTmHpwC8BOAtEnKdCuBrlmUXBQQE%2FPbhhx8csVqt7oqEMJd8v%2FgIgM9I3qY3xG0dLaowp3Ez%2FBM9MWebEFP4SZL1f5OE4HsQ81baASAJn8BZs2Z1djgdGeWbsGL8dtasr%2FcxDCONZU8yls0JMatkLJmbMKAqhmECX3ihR%2BuVK1dsYVlW4S2FT506ef6OO9p%2FitIdqsYqCnMyXmaYWqZZrmWGGeLi4sKeeeaZ6JEj32sdGRl1hYnIcRzfpUuXXw4cOHC%2BDHOq2EsbMjXNSbxBR94ge6nJnNnJ81oBuAwGA2uxWNi0jLQvGkQ1GMAwDFueY5%2BWlmp86qmnV509e%2FYiGUfJsZcCGo5aYJpWCEpiwsSYzaaLvpyvoqJCs06nHwbxgEsjMtBsNU2ywitaI2mW1hC3IjxOkmYDAIwmmuGbQYMG7vV%2BFo%2FH4wkNCRkjS0Q1I9cLS7qYNNTlch5zuVwn3G73cZfLeXDHjh2NULV7warT7PInjnE98goCYGAYxgBAc%2BjwwdddLlfBtZxws9nkGD169CaIO43fJk54Z1y5SVNR1Qu2Ok0rDYCAxMSEWf7%2BAU18SYu33np7kdPpkJxYyU6tDskgyJJJ0jkKG66s06Qj5JGSZ5EAGgQFBTb1dT21Rp1K%2FKdcci0WgCY2JvZThUIRIElMQRCELl3u%2F5cIA0Ut8kW8x08goVoPrtysyDAMoxIEQVlQWLAiJDjkaem8iS8fjmEY5ujRI5c7d75rlSAIWTInPLe680PKapQuagCGOXPmPNS0abPn5SpV%2BveCBfP%2FWrly5SEyIIVkUXE3abLlZHHIHHyJLNL9QaPRWnxMMrRarXTQp4h8PxBAqELBBsrXBcMwDMMyfoR87lpKEDl4mVBjAWgEQTBYrJZ9fnq%2Fpr6IIa0Bk9lk79Sx07LExMRkH064lB9yVZc5VV0EUQHw69WrV4shQwd%2F7%2BtkYH5%2BrnHkyFHrZfZlMa7cdnCzJSNPJJakWaSkVpBarXb6%2BqJarbbJoioqoiGifEoQcUT8iHT0oPb6I77CwnoAoTqtrmF50b45c2bvGz58xG6UJhClXQVGyX9BNSf0lNU0QFoAmgULFsxXsErWW3t4PB6uadPmU5xOZyoZHDMZDAQGBrImk4kHgNtb386e%2FfcsX0PI4iSL365QKHyGnlmWle%2F%2FkaI9wb6vzICMkwN1B%2FIoV4ggCD61Rnz8hdxXX%2B2%2F7ujRo4kyJ1zKadxUJ5ythutrABj27ds7sl69em3k6lXaij516pRlZrM5mQyMkQwIC0DzdPfHw50u5z6323V8z%2B6dgwBAp9PVlLP0AgCBYRihAgtFipTpfDZ7YqrdJ6xODaIh0b%2BrLId%2F%2FtmT2KrVbQuPHj16DOIZ%2BQsQ99tJZra1Ok2q6tQgDMRsuf%2Fw4cM73nvvvVfts2IYhjl8%2BNCpTz6Z8jdKK3FYydua9u3bhy39adl5hUKpFgQBISH1Ftrstuf0On0Pf39%2FZ3FxcW0K60k5GLacPDyLutezRdIiWl9v5ubmSYGMdJTuobLi5m3SrBYNUqJaOY4L%2BPTTT78Xd3peuTSKigrNjzzy6CIvv4MjjnDwho0bvlMolBrJjwUAnVb3ZHZO1tji4uLauJgqcvZdqIMEKXOu%2FP39zSgt7ZOFK3fW3vSxYKvwuhqFQhGUmZXxi1arDfUVzhsyZOhiu90uHxg3IZb%2F4sWLn4yMiHzE5yAJaATftVkpahn8%2FPxsKK3hJYVva4xlwFbRNdUA%2FOfNn%2Fd4ZERUZ3mNJenfc%2BfOWbN8%2BfIDRHsUEb%2BDYVnWb8CAN29%2F8803vyWkuqo21MyvvlqLGn64nqJi0Gg0bpQeCPPUtPurbB%2BEgdjDwnDnnXfGDho4aAFRHFf4HYmJCanvvjt8PUrDeBaiKbQ8zwd%2F9tlnM1Fyiu9Kpy4%2B%2FsKxGdNnZKF2Z50pSue0wjtra7sGYSCeqtO53W7Dhg3rf%2FBlVrlcLneLFi2%2FZBgmA6UhXY9kWh06dPCdsLB6bXwtfoul2BIX1%2BpzlGZrafNvilpFEI0gCIZjx4%2BNCQkJjfMunSlAwKuv9lsIIE0QBCmk6yT34T9y5Ht3du7ceZh32Uvpu71ffHEu0TbFuImhPwpKkBshhwqAYfyH4%2B%2Fu0L7D2z5UKbNh%2Fbq9K1euOgwxpJdPbE8QfyJo2rRpPwCMzxq8W7b8vXfzps0nISaQzIRYVINQ1HgfRF62Xz3hwwnfen9AEAQhNze34JlnnvsRQJrM7%2FCAHLhJS7%2F8nUajDfY%2BlC%2FWpE3LfvKJp74nDr2UK6EmFkWt0CAlPTzS0tJ%2B0ul0od7kYBiG6dO3z0KGYaTCBNIBfRUAv3nz5j4S3SCmC%2Fms%2FLtgGIbp%2Fkz3%2BeS7kvag5hVFrdAgJbt0f%2F31l2cbRDd4yNcu3cmTJ%2F2ya%2BeukyjdPmAHAIVCoe%2FcuXOjtwcPXiyZUt7Emj79i%2BVnTp85BzHiVUS%2By9Gpo6gNGkQBQBsWFhbep0%2Bfrxgw8N5KcvLUiYQpU6ZuR%2BlZZBuR%2FlqO4wzLl%2F82jWUUgi%2BfJTn5YtrYseM2y77rXViMgqLGEqTEMY%2BKiopiGJb1jj7xPM8%2F%2F9zzizmOy4C4lcSM0q3fATt37XgrJib2IV%2FFxixWi7VJk2afE4de2oZS2x1zSuxbjCBKALqLFy9qidT31gLs3r3%2FvEk0gBR5YgHoGzVqFNW1S9exPjoZAQB69%2Bq9gJBD2oZSXScLq5IcAgDB6XQ56dK7dZx0hc1mY8eNG7cCAOO14IXo6JiW%2B%2FfvexqlVe6UAAzvjxn1MKnXcJX22Lv3n6ObN28%2BTnwWqYSkp5aPdQlBXC6Xiy69uk8QacI9ANzTp08%2FvXff3kvePoggCELnzndN%2FvHHH1r6%2B%2FuXlNuZO2d%2BjuSMyx1zk8lo6dKl6ze4chtKbfc7pLHiAPA3WHeOohZqEA%2FRDCYARU889sT6nJwci7ezzbKspm%2Ffl9cWFxdLfovywoULjv79%2B%2F9gt9s88s%2F27t17NsuyWTLTqkbt7vyv2gM0AndLaRCpal4%2BgCyb3ZY5eMjb27w1A8MwjFqtblhUVLAWYuTLA8C2dOnS835%2Bhm82bdoUn5aelv%2Fii71nb9267QTP89IO37oU0qUEuQU1iFQUrIhI%2FIy1a%2F44PW%2Fe3CO%2BqlYEBgY%2F%2Fscfa%2B4jDncexKJwl55%2B%2BumfYxrGTF21avUBlGba61K2XF4TluIWI4gLYgg2hyzuzHfeeXfXmX%2FP5HprEYZh0K3bM4vCw8MF0g%2F7IsR%2B3Wcgnke%2BiCuLNtAFRVGrCSKRxEH8kGxCkuwHuj7wB89f7ToolcqghIT4n5UKhY1hmCyI5UXjyc90L9OKEoSi1hMEZDHbIIZkMwGkFRUVpfbo8cI6qZzklaZW0H3xifFvCoJgIuaUvHS9jZKDoq4RRIAYipXK3KcDyPjrr3Xn9u%2Ffm%2BYd%2BgWARrGNP9m9Z%2Fd9LMu6yPekY5eUHBR1jiASXMR%2FyCEkSb%2F%2F%2Fq5r8vJyrd4Zc4ZhcM%2Fddy%2Fjed6JulfqhoISxKcW4Yg%2FYiSmVjqA7CeffOpPKWko%2F4JKpQ4xmY3rQM%2BXU9wiGkTyR6wQt7WnA0g7fvx44rhx43b7Cv0G%2BAd2P3HyRE%2BICURKEoo6TxCe%2BCPFcn%2Fkiy%2B%2BOHL8%2BLEsQowSf0QQILRr23YpxNYCSkoSirpOEIkkToih3yyJJM899%2FwGjudwZel%2FMAzDsg6H7cw999xjYFmW%2BiMUdZ4gkqklZdkzAaSlp6enPPXkU2t9hX41Gl30st%2BWDeV5nvojFLcEQaTQr42YWhkA0rdu3Xp%2B7dq18b52%2FTaKbTTln717HgwMDKyrZUUl2xJlnIOh4e1biCDShAO1GnYAABkZSURBVDuJP5IrmVo9e%2FZcn5GRYZZ%2FkBFL7AmdO3VebDKZlBqNRlELxo8BwLjdbqEC48ATreo%2BdPDAee%2BAxd%2Bbt3xL5oOSpAahOvpRSKHfIojVT%2FQA%2FO699941SUmJ%2FZVKVcmhKQZg1GpNQ7PZtCYgILA7WTA1bas7o1arFS6XiwWg%2Ffjjj9r36NGjs6%2FPBQYFqQFAqVQyHo9H8sssjz32%2BLLOnTudbdOmTbhCwdoyMrIubNiwYQdK275R3GJgIDZRiQBwJ4A%2BACZ%2B9tm0vVITHW8cO3a0L%2FlOTTC1GIVCoQCgioiINHz55YwWl1NTvuJ4TiirU6v0XKdPn3pbr9f6QWy%2FFg2x4%2B1LEHt9jwEwFGIf8fZkfDR1bN4DIPZH7%2BXxeK7qLX%2F06NHvATREGf1DbjVzTk8GowvEJvOfrVy18rwgCFctMI7jHBBbCd%2Bs%2FIjU10JF7ts%2FPv78EJfbaRb4kt72ZUIiDc%2FzvIfzFG3dtuV%2BAOEQ20p3AvAIgCcAPATgDkIef1RxW%2BNqhoLM4R3169d%2FjeM4jhLk2iZdIMSe4U8AeDcwMHCB0%2BngfC0yh8OeAMBPrVYrqpkYUkckxZZtmx63222nOY6zey%2F%2B6wHP84LNbjv57rvvtgbQAEBjQpYYQhx%2F1J1kqSRY%2FAYNHNghPz%2F%2FdFljRgly9eJTQWwC3wbACwA%2BuOfee5Z7Lzzp3xkZ6VNR9QlEeQ9BZtGi79rkF%2BR95%2FG4jRUlRUXf53leKCgs%2BDUqMjKcmF16iOf060J4m1EoFCoA2vbtO9TPzcv5ieM8zvLG59ChA4sJQTSUHqWLUQuxHXJnAP0ATJk9e9YR3%2F4IL2zdtuXBKvBHJBNKCUAxbdqnjVNSkt%2Bz2axnb4QU58%2Bfz%2F9g%2FAfHN27ckFqR73McJ%2BTm5owhz1XbdxBIWlczcuR7jVNTU7%2Fgr%2BGfSWb1J59MfpuYl5QgXrapAUAsgAcBvA3gy5SU5EJfi9DtdlkABCiVysoolcqQ66ieeurJsK1btzxoMhu33wgpzGazY%2F2G9fGhoaE%2FAJgLYAGA79q1a%2FdnSkqyqSLX8Xjcxbt27WxfS80rSfNqHniga8TBQwde5a8duOAFQRDsdpvjhx%2B%2B%2FwnAvURYqigtrvZHggHEAegGYFRoaOgil8vl0x8xm00bieZh%2F8NEqv38%2FAwAggsL81dwHMdfp3nE8zzPX0q%2BWNSiRfNfAXwNYBKAUSQaNYxEpj4D8M1zzz23xW63ucu7vvSey%2BW8vHbt2iYsy0pEYWqBkNPqdLrgw4cP9fcQU6oiWLFy%2BTEyTr2IqR2CutkC%2Bz9DA6AeCXG%2BCODjESOGbytrEcXHXxiiVCp010ESyVnUAjAkXYwf63a7cnhJzF0HsrOzLM8999y6kNCQbwBMIxM8EEBPAI%2BTyFxXAE8BeJWQ5guFQrFk0uRJRyqioXied1tt1o2vvfZGkEKhqKlmF6tSqbQANP%2F%2B%2B%2B%2FbLrcrt9RmKl%2FQLF6y6HhYWNhcAO8D6AvgHuJ%2F%2BF1jTuWdcmuD8Kj00G80UbVvAJj6x59%2FXPCxmHiO49xdu3SNQvkdbhmVSqWUVPbZs%2F%2B%2BarEUb5e0xfVEoaxWi3ve%2FHlHOnRov5RohQ8BDCGT%2BxSAu0mMvxGA%2BiQ61QxARwBPA3gdwHgAXwUHB%2F%2ByevWqpIpoKo7jbEZj4XTZGDE1ZK40AJQ7d%2B541maznqroeG7fsT3pzjvv%2FJ6M31sAniWh7lgS1SzLvJQawurMxabZLpdrlcVaPP%2FJx54y3EpEUUBMJjUD8BiAd9Rq9dz8%2FDybr8F2uhzZAAw6vU7hw4RSAsCWLZvvz87O%2Btrj8dgrGIItmWCPxy3s2rXr0htvvLEBwHQAEwGMAPA%2FMrFdAbQjIdpIMsE6MpEa4lvVA9CcEOg54mNNBDCndevWaw4fPpRVETvd43FbLl9OeREA26x5s5sR5WIAsH5%2BfhoA2m3btj5RXGzeL3eyyxvLQ4cOXu7apctSABMADCba9n4ArYjf4X8NcmgBBB89duRt8geJAPEIJpPxq1%2BWLY0GAD8%2FvzpNFCn0GwKgNYDnAYy9%2F%2F77lpPB5r1mQMjKyvyKDJ6kKdSTJk9slJCYMMTusKddr6bgOE7Iyso0fzzxo3%2BIs%2F0pMaEGkEl9mGiFFkRLhBCzwFd4tqQNNlkErQipegN4B8BUAPN79uyxNTc3x1oR4jqdjoT169c1r0apyRBTSgVAO2HCh3Fms2lvufcqm6bUtNSiuLi4H4h%2F9g4xn7sCuJ1YC4FSnqkCa6Ixx3l4HwEwQRB4oaAw%2F7PlK3%2BLBoCQkBC2rmoVKfQbSVTvKwAmz5kz%2B0hZ%2BZGNmzY8Hx0dHfn5F5%2B1sztsSVcP3rW1hsvl9Pz880%2BnSfRpupcJ9aTMhIoFEEa0Q0XDspJJEkTs7LYQs%2BcvAxgJ4AsA340Z%2B%2F5Bj8fDVUSj2OzWw2PHjgmt4oiXtDj9ANQrLCzYWJF743meL7YUO7t1e3oVEQLDIW4pepg44g1JUEZbgZwPQ%2F5%2B7LRpnw4ol5aEmeZi01KZ0KyTRJGHfh8AMAjAjOTkS75Dvx63zeNxmyua1JZP8OHDhzLatm2zTKvVziZS7j0Ar%2FkwoSJkJpTqBgZeMv10RBo2AtCBkO91AOOIf7L0xx%2B%2FP1%2BRvAHP8w6jsWhhTEwjfVhYWGXuMJByQjoAAZlZGQs5jnNXhBxOp5N%2F%2FInHVykUis8J%2BV8B8CgZx1jy7NdzYpQlguW290aOGFnRueV53mV32PYvW%2FZbLABWq9XWucN3SjIwLYmTO1Kv1y%2FMy8uz3uj2DglJSYmFo0aN3F6%2FQf1vAUyRRaF6Ecnuy4RSVZI0ukIqE3%2FrLuKfvAXgYwCzW99%2B%2B%2B%2F7D%2ByroH%2Fiyc3Ny3lftqD%2Bay5DCyAwIzPja7e7ZAdBuffgcrv4yZMn7wDwOYDRJHr3BBECjSHumNDj%2BhOhJXu4dDpd%2F8OHD527HiHI85xgd9i27d69s7XM9KozppaaLKJ2xG6fMHTokL%2FL2vVbnqbIysos%2Fumnn062u6PdUhKaHe9lQt1D7OJY8jf9iVlUVQ4xI%2FNPIkkOqAsh6TuEuPO6dX96c3LyJWPFpLfjeHzihccBKEJDr2shyImhTE6%2BNMHtdpmutTtZTPLZ3dOnT%2F8HwAwiaF4jUb2ORPOGyQQMc4PWRDDxSXsD%2BPDNN9%2FYdPDgwazrsxZ4wWazrj95%2BsRdlSBIalToV0ck%2BT1k8KeuW%2FdXfEVI4XDY3SdPnsjs1v3ptWQCJ3lFobqUEYVSVuMAyv2TaGKjPyzzTz4H8M348R8ctFiKXRUJOBQWFczduGlDUwDQ6%2FVMBYihARCw%2Be%2FN3dxut7UiZHR73Ny%2BffsuAZjBMMx4iDuyu0PcMtQM4qZLKXjB%2FsfxMRAt9BAJlkwGML9NmzZ%2Fnj17Nl%2B4TqfTZrNtP3zkUHvy7LXeR1EQKduUmD%2FDGIaZlV%2BQb%2Fc1kRzH8UVFhfbR74%2FeCWCWLAolmVDeUahgXLlJ8GZpS2%2F%2FpD3RbK8BGAtgJoDFPy%2F96YLsmctcxLzACyaTcdGjjz7q78OsKSGGQqEIXLVq1QMV0BglDvipU6cyAHxFQraDiLC5h5jDEbKQLVtJY6MhJlpLiNuRJOExDcDC4ODgFYmJ8UUV3Q0hE6AnVq9e3eSuu%2B7S1maiSDZ7MDGBngUwOq5V3PecLAnOcR5h8ZJFJ8PCwhazLDuDRKGGlhOFqmoT6kafVUkIW48Ihc5EMg8E8BGAOREREct37dqZfm1Hnhc4jjNv2LChuew5pb9hGDFiREu73Xb%2BWutJ%2Bhv79u1N0ev184mfNBjiDuz7vHIZmkpebIwsDxJCNEkHiDsWXiFBlU8BLAgLC1uxceOGlOvdUe3xuLLPnDnzMABFece7mRpOEg0xgRqQhdMYQL1u3brF5ufnu44fP57ndruNIB2uIBarM0Gs7GglLzvEkqhulB5nrYnnvqUokoaYKUGE1BHEFIwAENK1a9dGS5f%2B3DUmJtZf3pPeG3a7bb9e7%2FcIeW6GYRgdwzDBbrc7kWVZdVnflX5%2F9tzZnNGjRu%2FcvHlzAsR6AjnkZwEZXwvEI8RSmwqhisZEQTS9npAxiGiWesSkCwUQ1KhRo4hJkya2%2Bd%2F%2FXouTP4evi0rvCYIAjuMSMjLTP24U23hF48aNFMnJKVxNJAhTxsKV%2FJFgIq0ayOxcqYKjUfYqlpHCSRaHB7Wrec0V%2B8fIs9cjBImSiDJ27Jg2778%2F5o7Q0FCtr8XgdNnNWo0%2BloyFAkDQypUre%2Ffu3XtWeYsmNy%2FXOmL4iC2%2F%2FfbbGUKGbIhVafKJELJArDHghlgvQKimMZETxSAjShgZnzAAwZGRkeEzZ85s%2F%2FLLfVsATLlEkT%2B32%2B2%2BkJef%2B3GD%2BtGrUNrw6KYTRAFAMXToML8xY0Z3UqmV%2FDfffHvwk8lTbLJFrZQ5tMFEo6hR2t3KgtLq8NLEVefkVeXYqIiA8CeLIZxok0hJeq5d%2B3uXZ599vjGpt1cynw6n3aTT6lsRoaEm32kuCMIfvv5YQUGB9ZtvFh6ZMOGjPSjt9ZJLyCERwy7TxMJNEh4SUXSEKIEyooSTnyEsywavW7%2Fu%2FocefChap9MpK0YUMCaT8eugoJBxqAGNYxUA%2FDp37hzldDoKZXuhCpcvXx7r5WRKNnoIxE2BMST6E47SbQvVGYW6Gf5JGIm8dQbwDMmffALgWynSdUXUxm41oXQzYASAzgaDYZAvu%2FyjjybsJpGz9wH0r6RcRnX4qHpyfzEQdyo8SMLCQ0n0cg7DMD%2F%2F%2Fvvqiy6Xy1ORCLHL5UpDDagNoCBmUviF%2BPPz5WctyL%2B5mTNnRssmRX76T9oUqEYd3lZQgfzJg2QxT7JaLU4fBDETQgUToXKfn5%2FfcO%2FPud1uT0BAwCcklNqNRPuaErPlv%2BQyqlOASJHAGBIyf4BEL4dA3CQ6W6%2FX%2Fzxq9OjD12JIQUH%2BfvLs6puVOGEAKNVqdcCvv%2F7yXMsWcUMk9VdSH4th2Oeef6YPSre1S4XXPMQplJxDTx0wpSoCeYOiIpS2uksHkFvO8mW8oli%2B5ltQKpXJABLIK5U45EaZSSXU4HHxENPaTPykDADJENv6nSWvCzabLWnml1%2FuCwgIWDp69KiDHM%2BVmFbST57nEREROVYuFNibxHiDy%2BUK6Nmr18yybMPkS8kW0GOY3otBappqIQu4CIBJLEpZoe9fPSEMI6hUqiyysCRi2GR%2BXG0ZGw8htNTWLwPAJQAXCEnOALhQXFycMHPmVweUCuX3n3wy%2BajdbuPIODArV6741ePxXBHUqe5jjlJs2z8rO%2FNnjVrj7%2BtD6enpJx577IndoO0QyloMnJc2vW5iyN9Xq1UmIoFre39IeRMnlyyIYyQRuTxZ1KvexImTiiZOnLT39df%2F1yA1NS1l%2B%2FYdB2Xha766CSLZ0QGrV696KTIiqrOvSALPc0zDhg1nkHvjKR%2FK1Sb%2FPXzNAAqFsq6Zq3KiuGVEKfIiSggAvx9%2B%2BCkBpSFt080gSMlu1qioqMjnn3%2FhkzLUPfP555%2F%2FILN%2FPaDFnKtrfoQ6Kkg8hCwSUayEBAUk6KEln5O6oplQmvysNoJIe46C4%2BMvrFYoFOqrtQeEXbt2HJsw4aOthOHFhMmUIBSVpVGkQI%2BTaBStzM91EY3jlAvm6iCItHPVsH79ulf8%2FQMa%2Bc78OriePXv9RNRcPmE01SAUVUUUyUeRAlW8zP8qWXNVTRAGgEqpVBoGDHjzjm7duk%2BUTCm53wEAr7z8yuyioqIUmR3ooD5Ipc0BAMDj8VBhU0oUoSLri63iiVEA0Hk8Hv8ZM778xrurkiAIYBiG2b1n17E1a9YchdjPsFAWTaH473MgzYNi0KBBTX19wM%2FPr06ckahtkM50NEpJSd5UVmo%2FLz%2BvEGI9rC4QM6F%2BqHtbRqoC%2FhC38ve02a2OMjLpcQAatGnTpl1q6uUDvraD8%2BL2Hvf7749uhZrTj%2BWWkFw6APWXLft1hK%2B9%2BjzP81arxdGxY8ePIZ7daAFx3xAtQVl5BGmv1epa2%2BzWbPl7KSnJxh07diR7l%2B1JTEzoHR0draYkqXqoWZYNBdDK5XaVWftp7tw5qyB2V2oHMS5NJ6eSCGKxFhcD6Jqamrpb%2Bt22bVuPhoSEzAMwm7ymf%2FbZtJWSwCJNiwJQd%2FqU1EzTimGYAADNsrOzjpZRYIw%2FffpkPMRz4vdA3Eyno5NSqQSxhIaG9JP%2Bf%2BDAgSMQT%2BK9B7Fm1UiIZYfGjR8%2F%2Flvpc%2Fn5uUsg7pKlZm4VQKq1W3%2Fdur8%2BLOsYJMdzQsuWLd%2BHeN68Cepe67GbTpDiYpN1y9a%2Ft4nlWp1OiCV5%2BhBz9mGIW9pfhFgWdXh2dnaGIAi8w%2BG4hNJ6uXRBV%2FL1lAAM%2Ffv3v7179%2B5TgStDuiRyJcQ0jJkYHx%2BfADGkawQN6VY6BAFo1rRZHABkZ2UnQ9xrlQLgIoBEAEkQd71mAXDs3r37OMTC3zEoPUpwy2v0ynKIpVCiHoBy7ty5i8sa2z179hzLyMi4CHG3ZQHEkC5NCFY%2BRRgBAgsADocjH2LyNRPifiQ3mS%2BHNG%2BJiYnZRKBJtbIcdAwrT4MwADQajSbw0KFD4wMCAmJ8zZjJZCx%2B9NFHl0A8xyBtJ3FRclQBPQCm2FzsAICoqMhYMt4WIpCcELPIxRCTsta%2BffvcJ5LJnkv8QeqDoPJqGKkAGPq92q91586dhvpICAoAmL59%2B873eDxp8LFrkqLyMW7cuN0A4O8fEL1x04YnWJaR7wAumaNOnToaYmJimwFAcXFxNmiovdLNtODQ0NDWdoetsKzCZst%2BW7aZOIXtIZ4lpyHdKnTSTWajDcDE7OzsHNJ8yDHjyxntUVosTwMg7PEnHn%2FIbrcXSd%2Fr3%2F%2FVgRCLtfnT%2BakcDeQHIDYhMeHPsgp1JSTEX4Z4fvo%2BiGXwaRixigliLjbZAHzUrdvTX8krMlqsll0%2F%2FfRjxzFjx7ZNS7u8TP6drVu3roV4njuWzBElyH%2BEGkC9Fi1a3EMqX%2FK%2Bkh4dO3acADGs2BxiCJGGdKueIFYA7wIY%2Fs47w2aXU8KWFwRB%2BPXXX1ZCbBbUgWh4GuatBN9DByCGYZhHnE6n05f2GDdu3PcQy1W2gViihWZpq4EgxRazBWI92%2F8BGBQZGTnql1%2BWrrDZbMVybuzdu3f%2FSy%2B9NA1iudauEEv9GKiGL13k%2F%2BW7epCCZA8%2B%2BOADa9b8%2Fk5wcIifdN4jITH%2BUssWcRMhxt3TIO7UpYegKo8gDQG0stmtv%2Bq0eo38TavNYjH4%2Bfcg8yRVIlRBjBpyuLJrrAViwYYslEYXaei9EqSEdKTRuWvXrvSQkNDZ27dvSywsLLScOn0qvmWLuE8h5jtyISaq3HTQq0e4kUonRRBzH6kQQ%2Bv5MgHlgXgoLZu8n4HSg2ocnafSCNR%2FIQcHMa4uTYTi0Ucf%2B5UMvlSjKAtittwJesajMskh7x3uiyCAmOsoInNlIgEVqUcgj9JaW8XkJa%2B5S4H%2FHu%2F2EILkkQmzEdXPEVLkQMyWSwUYKCoHCoVCoeY4TpmWnjpVq9FddcZfq9EZkpMvjW%2FcuMlbLMsKPM9biYkl9fCQtIgLV1a%2Fp5qjkiWZkkimCIglK28nzmMj4pTTrGzlQqVQKgLGjx93v8PpMF25QdHs8q7Ta7VZjqG0CWlJ22zZ%2F%2BlJwuqQaCCFGSCGcQMJaTSUHJWu8f0BhBmNRSclEqxdu%2BZwRETEYgDzAXzdsVPHhfHxFxJKQr5m0yrUzeLetdouplKp8sdXB6D%2BH3%2BuHSUt%2Fr%2F%2B%2BnMnxHMdYyG2nRsHsVnpiHPnzp6SOip99fVXt4PuXqjcSAhFjdMeAQAi8gvyVoWGhN1eZCwqCAkOGSdztD2EBAHk5XC5XAtUKpXGaDSuCw4OfoV8ljrhFQRVubXLjNUB8Fer1KEAkJKcHE%2BCIFJ19niIOacUiFFEVVJSUgIAaDTq5hAjWHTOr1MqUdSeYIgOgIFhWBUAWCzWLIh5jHSIYVyOON9OAEqGYbQmk9EMAIJQ0pmJEoQSpM5qEBUArcfj5gCgWfOmjSHmOaTejALEkK0KgEkQBGOTJk1iAcDlckq%2FpwShJlad1SIsAGVeXl4uANQLC29FtIa8ZKZUMZDv92q%2FmPDwiGgAOHL0yBbqd1LUZXL4Qzyn0e2ZZ7tPlKJYRmPRwe7duzcg2kE6LhvVunXrh1wup43nBd5qtRRBbK0WQ96noKhz0ENMvj4C4LUtW7ZsL6kSw3HutPTLk9u1uyOq%2F6uvxl1OTV7N83xJ08olSxbPgdj8M5L4IRQUdQ5qiLsVOgLozTDM0HXr1v0tP9Mhr7AkHTdYvvy33wA8BXF3QxDoWRyKOuykBwBoBuAhiHWuho4ePXp%2Benpasvd5kNOnT516661B0yFWrrwbQAPQ4nw3ZNtS1J65UhGShEOsRhlB%2Fs8DcPTv3691Xl6%2BY9Omzcnk88UQd1Nn4sqeKxSUIHV2vjSEFCGEKCEQ98BJldl5XNkWOQ%2FiQTUrxBAwBSVInZ4vqRmqHmJkS9oYqiXvSc0riwlJilHz%2B51TglBUKljik6iJ5tCgdCOi1LDSidIDUPScByXILTt%2FElnkSV%2BpDx9PifHf8H%2F16yt3QDlvMAAAAABJRU5ErkJggg%3D%3D', '');
